UserName,Password,Role
user001,Pass@PvTz001,普通用户
user002,Pass@fIXY002,普通用户
user003,Pass@NWRP003,普通用户
user004,Pass@qGPB004,普通用户
user005,Pass@4q7j005,普通用户
user006,Pass@81A3006,普通用户
user007,Pass@qvtM007,普通用户
user008,Pass@Fp5q008,普通用户
user009,Pass@9RsM009,普通用户
user010,Pass@5hkG010,普通用户
user011,Pass@Z4mj011,普通用户
user012,Pass@KbN7012,普通用户
user013,Pass@61ZF013,普通用户
user014,Pass@WMQp014,普通用户
user015,Pass@EgCV015,普通用户
user016,Pass@vaLb016,普通用户
user017,Pass@1PBg017,普通用户
user018,Pass@gpoF018,普通用户
user019,Pass@3EwN019,普通用户
user020,Pass@gi34020,普通用户
user021,Pass@WR2J021,普通用户
user022,Pass@8XDn022,普通用户
user023,Pass@aVyo023,普通用户
user024,Pass@dV6B024,普通用户
user025,Pass@o4jH025,普通用户
user026,Pass@uRWh026,普通用户
user027,Pass@jpPS027,普通用户
user028,Pass@Vn6U028,普通用户
user029,Pass@f5di029,普通用户
user030,Pass@qa6Q030,普通用户
user031,Pass@iuoO031,普通用户
user032,Admin@X2Yu032,管理员
user033,Pass@9FpG033,普通用户
user034,Pass@ltkC034,普通用户
user035,Pass@FUOy035,普通用户
user036,Pass@1Tn9036,普通用户
user037,Pass@0dAV037,普通用户
user038,Pass@45Ih038,普通用户
user039,Pass@OncX039,普通用户
user040,Pass@PayM040,普通用户
user041,Pass@fGnr041,普通用户
user042,Pass@BNtU042,普通用户
user043,Pass@PVvR043,普通用户
user044,Pass@nbOQ044,普通用户
user045,Pass@RHby045,普通用户
user046,Pass@7Zo1046,普通用户
user047,Pass@Icue047,普通用户
user048,Pass@rrO9048,普通用户
user049,Pass@6qHl049,普通用户
user050,Pass@kxE7050,普通用户
user051,Pass@PeuT051,普通用户
user052,Pass@N8RI052,普通用户
user053,Pass@IQzI053,普通用户
user054,Pass@WYDq054,普通用户
user055,Pass@E1O0055,普通用户
user056,Pass@2oIf056,普通用户
user057,Pass@nlkr057,普通用户
user058,Pass@tcEC058,普通用户
user059,Pass@qbez059,普通用户
user060,Pass@TbKW060,普通用户
user061,Pass@oZtB061,普通用户
user062,Pass@PLzW062,普通用户
user063,Pass@YdAr063,普通用户
user064,Pass@MTXM064,普通用户
user065,Pass@sdjY065,普通用户
user066,Pass@Tpf3066,普通用户
user067,Pass@LfnT067,普通用户
user068,Pass@KKyN068,普通用户
user069,Pass@254D069,普通用户
user070,Pass@OJQE070,普通用户
user071,Pass@Rhz3071,普通用户
user072,Pass@XEaf072,普通用户
user073,Pass@aE2g073,普通用户
user074,Pass@2QdJ074,普通用户
user075,Pass@R2RM075,普通用户
user076,Pass@24Wx076,普通用户
user077,Pass@Nose077,普通用户
user078,Pass@6g8d078,普通用户
user079,Pass@N0lG079,普通用户
user080,Pass@dSi9080,普通用户
user081,Pass@MDsf081,普通用户
user082,Pass@AyBv082,普通用户
user083,Pass@7faN083,普通用户
user084,Pass@VnNW084,普通用户
user085,Pass@foe6085,普通用户
user086,Pass@61wn086,普通用户
user087,Pass@aveL087,普通用户
user088,Pass@eUqQ088,普通用户
user089,Pass@A5Zu089,普通用户
user090,Pass@5fbc090,普通用户
user091,Pass@trAK091,普通用户
user092,Pass@tDSQ092,普通用户
user093,Pass@cr9A093,普通用户
user094,Pass@vO18094,普通用户
user095,Pass@TWjE095,普通用户
user096,Pass@b8u0096,普通用户
user097,Pass@oswI097,普通用户
user098,Pass@eZcK098,普通用户
user099,Pass@GbQb099,普通用户
user100,Pass@tGZE100,普通用户
